"Task","Scope Fitur","Status","Priority","Detail"
"Perbaikan Forecast Kitchen WIP","Forecasting & BOM","Not Started","P0","Hitung bahan baku WIP secara proporsional berdasarkan jumlah WIP yang dipakai dan total hasil satu resep."
"Kalkulasi BOM Terpusat","Forecasting & BOM","Not Started","P0","Buat satu sistem kalkulasi BOM untuk Forecast, HPP, Harga WIP, Memo Internal, dan PDF."
"Pemisahan Forecast Kitchen dan Store","Forecasting & BOM","In Progress","P0","Kitchen memakai Main Recipe, sedangkan Store memakai BOM Menu. Perhitungan WIP masih perlu diperbaiki."
"Forecasting Produk per Project","Forecasting & BOM","In Progress","P0","Hitung kebutuhan bahan dari Sales Projection seluruh Menu dalam project."
"Shelf Life dari WIP","Forecasting & BOM","Not Started","P1","Tentukan Shelf Life Menu berdasarkan WIP atau bahan dengan masa simpan paling pendek."
"Tipe Project","Project Management","Not Started","P1","Tambahkan tipe New Product, Promotion, dan Partnership."
"Status Project Bisa Diklik","Project Management","Not Started","P2","Pengguna dapat mengubah status melalui tombol dengan aturan transisi yang jelas."
"Kalender Tanggal Rilis","Calendar","Completed","","Tampilkan project pada kalender berdasarkan tanggal rilis."
"Kegiatan Kalender R&D","Calendar","Not Started","P1","Tambahkan kegiatan trial, tasting, approval, produksi, foto produk, dan launching."
"Filter Kalender per Branch","Calendar","Not Started","P1","Filter project dan kegiatan berdasarkan cabang target."
"Pemisahan Master Item","Master Item","Completed","","Pisahkan item menjadi Raw, WIP, Packaging, dan Marketing Material."
"Ringkasan Item per Project","Master Item","In Progress","P1","Gabungkan seluruh kebutuhan item dari semua Menu dalam satu project."
"Non-Prefix untuk WIP","Master Item","Completed","","Izinkan WIP dibuat tanpa Prefix Category."
"Prefix Marketing Material","Master Item","Not Started","P2","Tambahkan aturan prefix khusus Marketing Material."
"Premix Section pada Project","Premix","Not Started","P1","Tambahkan section untuk melihat dan mengelola produk Premix dalam project."
"Create Product Premix ke ESB","Premix","Not Started","P1","Sediakan form pembuatan produk Premix ke ESB beserta kategori, unit, dan conversion."
"Packaging Item per Produk","Packaging","Completed","","Packaging sudah dapat dikelola dari halaman setiap Menu."
"Packaging Item per Project","Packaging","In Progress","P1","Tampilkan gabungan Packaging dari seluruh Menu pada halaman project."
"Preview Marketing Material Image","Marketing Material","Completed","","Attachment gambar sudah dapat dilihat."
"Preview Marketing Material PDF","Marketing Material","In Progress","P2","Tambahkan modal untuk melihat PDF tanpa meninggalkan halaman."
"Jumlah Marketing Material","Marketing Material","In Progress","P1","Catat jumlah yang diminta dan jumlah yang diterima agar dapat dibandingkan."
"Due Date Marketing Material","Marketing Material","Not Started","P1","Tambahkan batas waktu, status terlambat, filter, dan notifikasi."
"Foto QC Tidak Sesuai","Quality Control","Completed","","Hold atau Rejected wajib memiliki alasan, status quarantine, dan foto bukti."
"Penyederhanaan QC Receiving","Quality Control","In Progress","P1","Sederhanakan form agar tetap cepat ketika PO memiliki banyak produk."
"Memo Internal Bulanan","Internal Memo","Completed","","Memo mendukung draft, sinkronisasi, finalisasi, revisi, arsip, hapus, dan PDF."
"API Menu List Memo","Internal Memo","Completed","","Ambil pilihan Menu langsung dari Master Menu ESB khusus BLSS."
"API Detail BOM Menu","Internal Memo","Completed","","Ambil detail BOM Menu berdasarkan bomID."
"Assembly/WIP Memo Internal","Internal Memo","In Progress","P0","Uraikan WIP menjadi bahan dasar dengan memperhitungkan hasil satu resep."
"All Product Data Memo","Internal Memo","Completed","","Simpan data Menu dan bahan sebagai snapshot memo."
"All Shelf Life Memo","Internal Memo","In Progress","P1","Hubungkan Shelf Life memo dengan hasil perhitungan Shelf Life WIP."
"Forecasting Product by Menu Memo","Internal Memo","In Progress","P0","Hitung kebutuhan produk berdasarkan quantity forecast setiap Menu."
"PDF Memo Internal","Internal Memo","Completed","","Memo yang sudah final dapat diunduh sebagai PDF."
"Sales Projection","Sales Projection","Completed","","Simpan target quantity, omzet, outlet, channel, region, dan cabang."
"Sales Projection dalam Store PDF","Sales Projection","Completed","","Tampilkan Sales Projection setelah kop pada Store PDF project."
"Export Sales Projection Mandiri","Sales Projection","Not Started","P2","Tambahkan export Excel dan PDF khusus Sales Projection."
"Integrasi R&D ke Store SOP","Store SOP Integration","Not Started","P1","Kirim resep dan SOP final dari R&D ke Store Operations."
"Approval Distribusi SOP","Store SOP Integration","Not Started","P1","Atur approver, versi SOP, cabang penerima, dan tanggal berlaku."
"Versioning dan Acknowledgement SOP","Store SOP Integration","Not Started","P2","Simpan riwayat versi dan pengguna atau cabang yang sudah membaca SOP."
